[
    {
        "item_id": "T101",
        "name": "Pending - Cityone",
        "price": 2.5,
        "description": "ART service from Pending Station to City One Megamall.",
        "availability": 7,
        "rating": 4.5,
        "status": "active",
        "created_at": "2024-09-01T08:00:00",
        "updated_at": "2024-09-10T10:30:00",
        "route_code": "ART-KCH-001",
        "departure_station": "Pending",
        "arrival_station": "City One",
        "departure_time": "2024-09-21T09:00:00",
        "arrival_time": "2024-09-21T09:25:00",
        "feeder_bus": "No",
        "capacity": 40
    },
    {
        "item_id": "T102",
        "name": "Waterfront - The Spring",
        "price": 2.0,
        "description": "Direct ART service from Kuching Waterfront to The Spring Shopping Mall.",
        "availability": 35,
        "rating": 4.7,
        "status": "active",
        "created_at": "2024-09-03T07:30:00",
        "updated_at": "2024-09-10T12:00:00",
        "route_code": "ART-KCH-002",
        "departure_station": "Waterfront",
        "arrival_station": "The Spring",
        "departure_time": "2024-09-22T08:30:00",
        "arrival_time": "2024-09-22T08:50:00",
        "feeder_bus": "Yes",
        "capacity": 35
    },
    {
        "item_id": "T103",
        "name": "UNIMAS - Kuching Sentral",
        "price": 3.0,
        "description": "Campus ART ride from UNIMAS to Kuching Sentral with city stops.",
        "availability": 50,
        "rating": 4.6,
        "status": "active",
        "created_at": "2024-09-05T09:00:00",
        "updated_at": "2024-09-12T11:00:00",
        "route_code": "ART-KCH-003",
        "departure_station": "UNIMAS",
        "arrival_station": "Kuching Sentral",
        "departure_time": "2024-09-23T10:00:00",
        "arrival_time": "2024-09-23T10:35:00",
        "feeder_bus": "No",
        "capacity": 50
    },
    {
        "item_id": "T104",
        "name": "Pending - Cityone",
        "price": 2.5,
        "description": "Fast and reliable ART service from Pending to City One during morning rush.",
        "availability": 40,
        "rating": 4.4,
        "status": "active",
        "created_at": "2024-09-06T08:00:00",
        "updated_at": "2024-09-14T09:15:00",
        "route_code": "ART-KCH-004",
        "departure_station": "Pending",
        "arrival_station": "City One",
        "departure_time": "2024-09-24T07:30:00",
        "arrival_time": "2024-09-24T07:55:00",
        "feeder_bus": "No",
        "capacity": 40
    },
    {
        "item_id": "T105",
        "name": "Pending - Cityone",
        "price": 2.5,
        "description": "Convenient ART ride from Pending Station to City One in the evening.",
        "availability": 19,
        "rating": 4.3,
        "status": "active",
        "created_at": "2024-09-07T09:00:00",
        "updated_at": "2024-09-15T10:00:00",
        "route_code": "ART-KCH-005",
        "departure_station": "Pending",
        "arrival_station": "City One",
        "departure_time": "2024-09-24T18:00:00",
        "arrival_time": "2024-09-24T18:25:00",
        "feeder_bus": "No",
        "capacity": 38
    }
]